False; 2DAutoCAD Fokus p� ritningen som kommunikationsredskap;https://www.kth.se/student/kurser/kurs/AD12DA;Studerande vid arkitekturprogrammet, KTH.
False; 3D-Modellering;https://www.kth.se/student/kurser/kurs/AD13DA;Studerande p� arkitektprogrammet vid KTH.
False; 3D-Printing 1;https://www.kth.se/student/kurser/kurs/AD1PR1;Studenter p� arkitekturprogrammet, KTH.
False; Anpassning av arbetsplatser f�r s�kande med nedsatt arbetsf�rm�ga - arbetshj�lpmedel /Uppdragsutbildning/;https://www.kth.se/student/kurser/kurs/AD117U;
False; Arkitektoniska rekonstruktioner;https://www.kth.se/student/kurser/kurs/AD235V;H�gskolestudier om 60 hp samt svenska B/Svenska 3 och Engelska A/Engelska 6 eller motsvarande.
False; Arkitektt�vlingen: teori och professionell praktik;https://www.kth.se/student/kurser/kurs/AD244V;� 60 hp h�gskolestudier inom omr�det arkitektur och samh�llsbyggnad
False; Arkitektur- och designforskning I;https://www.kth.se/student/kurser/kurs/AD231V;H�gskolestudier om 60 hp samt engelska B eller motsvarande.
False; Arkitektur- och designforskning II;https://www.kth.se/student/kurser/kurs/AD232V;Arkitektur och Designforskning I, AD231V
False; Arkitektur f�r alla: anv�ndbarhet, delaktighet och tillg�nglighet;https://www.kth.se/student/kurser/kurs/AD245V;Meddelas vid kursstart
False; Arkitektur f�r ett �ldrande samh�lle;https://www.kth.se/student/kurser/kurs/AD222V;Meddelas inf�r kursstart.
False; Arkitektur f�r teknikl�rare;https://www.kth.se/student/kurser/kurs/AD1221;F�r tilltr�de till kursen kr�vs kunskaper motsvarande grundl�ggande beh�righet f�r �mnesl�rare i teknik
False; Arkitektur f�r �mnesl�rare I;https://www.kth.se/student/kurser/kurs/AD1220;120 hp inom CL-programmet
False; Arkitektur f�r �mnesl�rare II;https://www.kth.se/student/kurser/kurs/AD1222;
False; Arkitektur och genus: f�rdjupning;https://www.kth.se/student/kurser/kurs/AD241V;60 hp h�gskolestudier
False; Arkitektur och genus: Introduktion;https://www.kth.se/student/kurser/kurs/AD236V;Studier i konst, design, arkitektur och/eller genusteori, eller motsvarande utbildning eller arbetslivserfarenhet. N�rmare upplysningar l�mnas av kursansvarig
False; Arkitektur och genus: Projekt I;https://www.kth.se/student/kurser/kurs/AD240V;�Jane Rendell, Barbara Penner, Ian Borden, eds., Gender, Space, Architecture. An interdisciplinary introduction, London: Routledge, 2000.
False; Arkitektur och genus: Salong;https://www.kth.se/student/kurser/kurs/AD238V;Tidigare studier i litteratur, konst, design, arkitektur och/eller genus.
False; Arkitektur och genus: Studio;https://www.kth.se/student/kurser/kurs/AD239V;Universitetsstudier om 60 hp samt dokumenterade kunskaper i Engelska B eller motsvarande.
False; Arkitektur och genus: Uppsats;https://www.kth.se/student/kurser/kurs/AD237V;Universitetsstudier om 60 hp samt dokumenterade kunskaper i Engelska B eller motsvarande.
False; Arkitektur och pl�t;https://www.kth.se/student/kurser/kurs/AD1PLA;P�b�rjad arkitektutbildning eller motsvarande.
False; Arkitektur som terapeutisk milj� I: Arkitektur och omv�rdnad;https://www.kth.se/student/kurser/kurs/AD210V;Grundl�ggande h�gskolebeh�righet: Avslutad gymnasieutbildning eller motsvarande, inkl. svenska och engelska.
False; Arkitektur som terapeutisk milj� II: Arkitektur och omv�rdnad, f�rdjupning;https://www.kth.se/student/kurser/kurs/AD211V;Grundl�ggande beh�righet: Avslutad gymnasieutbildning eller motsvarande inkl. svenska och engelska.
False; Arkitektur som terapeutisk milj� III: Estetik som l�kande process;https://www.kth.se/student/kurser/kurs/AD212V;Grundl�ggande beh�righet: Avslutad gymnasieutbildning eller motsvarande, inkl. svenska och engelska.
False; Arkitektur som terapeutisk milj� IV: Estetik som l�kande process, f�rdjupning;https://www.kth.se/student/kurser/kurs/AD213V;Grundl�ggande beh�righet: Avslutad gymnasieutbildning eller motsvarande, inkl. svenska och engelska.
False; Arkitektur, byggtekniken;https://www.kth.se/student/kurser/kurs/AD1AB1;Grundl�ggande beh�righet: avslutad gymnasieutbildning eller motsvarande, inkl. svenska och engelska.
False; Arkitektur, form och design;https://www.kth.se/student/kurser/kurs/AD1AFD;
False; Arkitektur, kvalitet och bed�mning;https://www.kth.se/student/kurser/kurs/AD250V;120 hp h�gskolestudier inom arkitektur eller samh�llsplanering.
False; Arkitekturens begrepp och teorier;https://www.kth.se/student/kurser/kurs/1A5031;F�rkunskapskravF�r att f�lja kursen kr�vs examen p� magisterniv� i arkitektur eller motsvarande examen. F�retr�de ges f�r doktorander antagna vid KTH eller till annan forskarutbildning inom arkitektur.
False; Arkitekturens historiografi;https://www.kth.se/student/kurser/kurs/1A5037;
False; Arkitekturens kvalitetsfr�gor;https://www.kth.se/student/kurser/kurs/AD223V;Grundl�ggande beh�righet: Avslutad gymnasieutbildning eller motsvarande, inkl. svenska och engelska.
False; Arkitekturens kvalitetsfr�gor;https://www.kth.se/student/kurser/kurs/AD234V;60 hp h�gskolestudier inom arkitektur och samh�llsbyggnad. Det �r ett brett kunskapsf�lt som inkluderar inredningsarkitektur husbyggnad, konstruktion, stadsbyggnad, landskapsarkitektur och fysiskt planering
False; Arkitekturkritisk teori I: Gender;https://www.kth.se/student/kurser/kurs/AD204V;Grundl�ggande beh�righet: Avslutad gymnasieutbildning eller motsvarande, inkl. svenska och engelska.
False; Arkitekturkritisk teori II: Gender, f�rdjupning;https://www.kth.se/student/kurser/kurs/AD205V;Grundl�ggande beh�righet: Avslutad gymnasieutbildning eller motsvarande, inkl. svenska och engelska.
False; Arkitekturkritisk teori III: Gender. Litteraturf�rdjupning;https://www.kth.se/student/kurser/kurs/AD220V;Grundl�ggande beh�righet: Avslutad gymnasieutbildning eller motvarande, inkl. svenska och engelska.
False; Arkitekturpedagogik 1;https://www.kth.se/student/kurser/kurs/AD1AP1;Grundl�ggande beh�righet: Avslutad gymnasieutbildning eller motsvarande, inkl. svenska och engelska. Erfarenhet av undervisning inom arkitektutbildning kr�vs.
False; Att t�vla i arkitektur och stadsbyggnad;https://www.kth.se/student/kurser/kurs/AD249V;60 hp h�gskolestudier inom arkitektur och samh�llsbyggnad
False; Att utv�rdera arkitektur;https://www.kth.se/student/kurser/kurs/AD242V;H�gskolestudier om 60 hp samt Svenska B/Svenska 3 och Engelska A/Engelska 6 eller motsvarande.
False; Avancerad arkitekturdesign I;https://www.kth.se/student/kurser/kurs/AD233V;Arkitektexamen, civilingenj�rsexamen, landskapsarkitektexamen, inredningsarkitektexamen eller motsvarande.
False; Begrepp, teorier och experimentella praktiker i konst, teknik och design;https://www.kth.se/student/kurser/kurs/AD3102;Masterexamen eller motsvarande kunskap inom teknik, konst eller design (s�som arkitektur, planering, ingenj�r, design, konst eller hantverk) eller n�rliggande �mnen inom samh�llsvetenskap och humaniora. F�r att kursen ska h�llas kr�vs ett minimum av 5 och ett maximum av 25 studenter.
False; Betong 1;https://www.kth.se/student/kurser/kurs/AD1BE1;
False; Betongkurs;https://www.kth.se/student/kurser/kurs/AD1BES;
False; Byggnadsrestaureringens historia och teori;https://www.kth.se/student/kurser/kurs/AD246V;� 60 hp h�gskolestudier inom omr�det arkitektur, kulturmilj�v�rd och humaniora
False; Byggprojektet;https://www.kth.se/student/kurser/kurs/AD1BYP;F�rkunskaper:Minst ett �rs studier vid arkitekturskola p� universitetsniv� eller byggnadsteknisk utbildning p� universitetsniv�.
False; Concepts and Tools in Urban Analysis;https://www.kth.se/student/kurser/kurs/AD2810;180 credits (three years)�from architecture, landscape architecture or planning programme on graduate level.
False; Deltagande i eller anordning av utst�llning: konst, teknik och design;https://www.kth.se/student/kurser/kurs/AD3108;Magisterexamen eller motsvarande kunskap inom teknik, konst eller design (s�som arkitektur, planering, ingenj�r, design, konst eller hantverk) eller n�rliggande �mnen inom samh�llsvetenskap och humaniora
False; Deltagande i eller anordning av utst�llning: konst, teknik och design;https://www.kth.se/student/kurser/kurs/AD3109;Magisterexamen eller motsvarande kunskap inom teknik, konst eller design (s�som arkitektur, planering, ingenj�r, design, konst eller hantverk) eller n�rliggande �mnen inom samh�llsvetenskap och humaniora.
False; Deltagande i seminarium eller workshop: konst, teknik och design;https://www.kth.se/student/kurser/kurs/AD3104;Magisterexamen eller motsvarande kunskap inom teknik, konst eller design (s�som arkitektur, planering, ingenj�r, design, konst eller hantverk) eller n�rliggande �mnen inom samh�llsvetenskap och humaniora
False; Deltagande i seminarium eller workshop: konst, teknik och design;https://www.kth.se/student/kurser/kurs/AD3105;Magisterexamen eller motsvarande kunskap inom teknik, konst eller design (s�som arkitektur,planering, ingenj�r, design, konst eller hantverk) eller n�rliggande �mnen inom samh�llsvetenskap och humaniora.
False; Den internationella samtidsarkitekturen;https://www.kth.se/student/kurser/kurs/AD102V;Grundl�ggande beh�righet.
False; Det moderna byggnadsarvet;https://www.kth.se/student/kurser/kurs/AD248V;120 hp h�gskolestudier.
xxx; Examensarbete inom design och byggande;https://www.kth.se/student/kurser/kurs/1A10HX;ABE/Arkitektur, Fex �vr utbildning
False; Examensarbete inom stadsplanering och design, avancerad niv�;https://www.kth.se/student/kurser/kurs/AD2EXU;Studenterna har s�kt till programmet med arbetsprover.De har en kandidatexamen i arkitektur, landskapsarkitektur, samh�llsbyggnad eller fysisk planering, och har deltagit i och fullgjort merparten av programkurserna i UPD-specialiseringen.De har tagit 60 h�gskolepo�ng p� v�g mot en Master of Science examen i arkitektur.Examensprojektet genomf�rs under programmets sista termin.En plan och avsiktsf�rklaring (examensarbetsh�fte) m�ste inl�mnas och godk�nnas.Studenterna m�ste via ett formul�r anm�la sig till examenskursen f�re terminens b�rjan.
False; Examensarbete inom stadsplanering och design, avancerad niv�;https://www.kth.se/student/kurser/kurs/AD2UPX;Examensarbetet skall utformas som en f�rdjupad studie inom �mnesomr�det stadsplanering och design, och det utg�r en del av kraven f�r masterexamen i stadsplanering och design. Detta inneb�r att f�r att kunna p�b�rja examensarbetet skall studenten ha genomg�tt och avslutat st�rre delen av programmets kurser med inriktning mot stadsplanering och design. Det �ligger examinator att kontrollera att kraven har uppfyllts. Studenter fr�n KTH-skolor f�rutom Skolan f�r arkitektur och byggd milj� m�ste f� godk�nnande fr�n sin skola f�r att vara registrerad p� ett examensarbete i stadsplanering och design.
False; Fold School Workshop - vikning av stora objekt;https://www.kth.se/student/kurser/kurs/AD1FOL;Enligt besked vid kursstart.
False; Forskningspresentation eller -publikation: konst, teknik och design;https://www.kth.se/student/kurser/kurs/AD3106;Magisterexamen eller motsvarande kunskap inom teknik, konst eller design (s�som arkitektur,planering, ingenj�r, design, kost eller hantverk) eller n�rliggande �mnen inom samh�llsvetenskap och humaniora.
False; Forskningspresentation eller -publikation: konst, teknik och design;https://www.kth.se/student/kurser/kurs/AD3107;Magisterexamen eller motsvarande kunskap inom teknik, konst eller design (s�som arkitektur, planering, ingenj�r, design, kost eller hantverk) eller n�rliggande �mnen inom samh�llsvetenskap och humaniora.
False; Fotografi;https://www.kth.se/student/kurser/kurs/AD1FOT;Kursen v�nder sig till studerande vid arkitekturprogrammet p� KTH.
False; Framst�llning och f�rmedling av konstn�rlig forskning;https://www.kth.se/student/kurser/kurs/AD3114;Masterexamen eller motsvarande kunskap inom teknik, konst eller design (s�som arkitektur, planering, ingenj�r, design, konst eller hantverk) eller n�rliggande �mnen inom samh�llsvetenskap och humaniora. F�r att kursen ska h�llas kr�vs ett minimum av 5 och ett maximum av 15 studenter.
False; F�rg f�r arkitekter;https://www.kth.se/student/kurser/kurs/AD1FAR;Beh�riga �r studerande p� arkitektprogrammet, Arkitekturskolan KTH.
False; F�rg och rum;https://www.kth.se/student/kurser/kurs/AD1FOR;Grundl�ggande h�gskolebeh�righet: dvs dokumenterad avslutad gymnasieutbildning inkl. svenska B och engelska A, eller motsvarande.
False; F�rdjupningsprojekt i restaurering I;https://www.kth.se/student/kurser/kurs/AD207V;Grundl�ggande beh�righet: Avslutad gymnasieutbildning eller motsvarande, inkl. svenska och engelska.
False; F�rdjupningsprojekt i restaurering II;https://www.kth.se/student/kurser/kurs/AD209V;Grundl�ggande beh�righet: Avslutad gymnasieutbildning eller motsvarande, inkl. svenska och engelska.
False; Grundkurs i arkitektonisk gestaltning;https://www.kth.se/student/kurser/kurs/1A5036;
False; Grundkurs i arkitekturteknik;https://www.kth.se/student/kurser/kurs/1A5038;
False; Grundl�ggande principer f�r fastighetsekonomi och urban ekonomi;https://www.kth.se/student/kurser/kurs/AD2845;For students within the TUPDM program:
False; HEJ Utst�llningsdesign;https://www.kth.se/student/kurser/kurs/AD1HEJ;
False; Huvudst�der i Norden;https://www.kth.se/student/kurser/kurs/AD117V;Grundl�ggande beh�righet: Avslutad gymnasieutbildning eller motsvarande, inkl. svenska och engelska.�
False; H�llbar stadsplanering och stadsbyggnad studio 1.1- Texturer;https://www.kth.se/student/kurser/kurs/AD2861;* Bachelor degree in architecture, landscape architecture, or urban planning and design.
False; H�llbar stadsplanering och stadsbyggnad studio 1.1- Texturer;https://www.kth.se/student/kurser/kurs/AD2867;For students within the program:
False; H�llbar stadsplanering och stadsbyggnad studio 1.2- Situationer;https://www.kth.se/student/kurser/kurs/AD2862;Bachelor degree in Architecture, Landscape Architecture, Urban Design, or Physical Planning, but if free seats are available they can be offered to students with other background. In case the number of students exceeds the number of seats, a selection will be made based on following criteria:
False; H�llbar stadsplanering och stadsbyggnad studio 2.1- Urbana Ekologier;https://www.kth.se/student/kurser/kurs/AD2863;* Bachelor degree in architecture, landscape architecture, or urban planning and design.
False; H�gre seminarium i arkitektur, del 1;https://www.kth.se/student/kurser/kurs/1A5032;F�rkunskapskravF�r att f�lja kursen kr�vs examen p� magisterniv� i arkitektur eller motsvarande examen. F�retr�de ges f�r doktorander antagna vid KTH eller till annan forskarutbildning inom arkitektur. Kursens sysfte och uppl�gg inneb�r att antalet platser f�r externa deltagare (forskarstuderande som inte �r antagna till doktorsprogrammet vid KTHA) �r begr�nsat. Undantag kan g�ras i m�n av plats och beslutas av kuransvarig, f�r st�rre avsteg i samr�d med programansvarig.
False; H�gre seminarium i arkitektur, del 2;https://www.kth.se/student/kurser/kurs/1A5033;F�rkunskapskravF�r att f�lja kursen kr�vs examen p� magisterniv� i arkitektur eller motsvarande examen. F�retr�de ges f�r doktorander antagna vid KTH eller till annan forskarutbildning inom arkitektur. Kursens syfte och uppl�gg inneb�r att antalet platser f�r externa deltagare (forskarstuderande som inte �r antagna till doktorsprogrammet vid KTHA) �r begr�nsat. Undantag kan g�ras i m�n av plats och beslutas av kursansvarig, f�r st�rre avsteg i samr�d med programansvarig. F�r att antas till kursen H�gre seminarier i Arkitektur del 2 m�ste studenten ha klarat av kursen F1A5032 H�gre seminarier i Arkitektur del 1.
False; H�gskolepedagogisk introduktion: konst och designutbildning;https://www.kth.se/student/kurser/kurs/AD3103;Masterexamen eller motsvarande kunskap inom teknik, konst eller design (s�som arkitektur, planering, ingenj�r, design, konst eller hantverk) eller n�rliggande �mnen inom samh�llsvetenskap och humaniora. F�r att kursen ska h�llas kr�vs ett minimum av 5 och ett maximum av 25 studenter.
False; Individuell l�skurs: Arkitektur;https://www.kth.se/student/kurser/kurs/1A5041;F�rkunskapskravF�r att f�lja kursen kr�vs examen p� magisterniv� i arkitektur eller motsvarande examen. F�retr�de ges f�r doktorander antagna vid KTH eller till annan forskarutbildning inom arkitektur.
False; Individuell l�skurs: Arkitektur;https://www.kth.se/student/kurser/kurs/1A5042;F�rkunskapskravF�r att f�lja kursen kr�vs examen p� magisterniv� i arkitektur eller motsvarande examen. F�retr�de ges f�r doktorander antagna vid KTH eller till annan forskarutbildning inom arkitektur.
False; Individuell l�skurs: Arkitektur;https://www.kth.se/student/kurser/kurs/1A5043;F�rkunskapskravF�r att f�lja kursen kr�vs examen p� magisterniv� i arkitektur eller motsvarande examen. F�retr�de ges f�r doktorander antagna vid KTH eller till annan forskarutbildning inom arkitektur.
False; Individuell l�skurs: konst, teknik och design;https://www.kth.se/student/kurser/kurs/AD3110;Magisterexamen eller motsvarande kunskap inom teknik, konst eller design (s�som arkitektur, planering, ingenj�r, design, konst eller hantverk) eller n�rliggande �mnen inom samh�llsvetenskap och humaniora.
False; Individuell l�skurs: konst, teknik och design;https://www.kth.se/student/kurser/kurs/AD3111;Magisterexamen eller motsvarande kunskap inom teknik, konst eller design (s�som arkitektur, planering, ingenj�r, design, konst eller hantverk) eller n�rliggande �mnen inom samh�llsvetenskap och humaniora.
False; Individuell projektkurs: Arkitektur;https://www.kth.se/student/kurser/kurs/1A5047;F�rkunskapskravF�r att f�lja kursen kr�vs examen p� magisterniv� i arkitektur eller motsvarande examen. F�retr�de ges f�r doktorander antagna vid KTH eller till annan forskarutbildning inom arkitektur.
False; Individuell projektkurs: Arkitektur;https://www.kth.se/student/kurser/kurs/1A5048;F�rkunskapskravF�r att f�lja kursen kr�vs examen p� magisterniv� i arkitektur eller motsvarande examen. F�retr�de ges f�r doktorander antagna vid KTH eller till annan forskarutbildning inom arkitektur.
False; Individuell projektkurs: Arkitektur;https://www.kth.se/student/kurser/kurs/1A5049;F�rkunskapskravF�r att f�lja kursen kr�vs examen p� magisterniv� i arkitektur eller motsvarande examen. F�retr�de ges f�r doktorander antagna vid KTH eller till annan forskarutbildning inom arkitektur.
False; Individuell projektkurs: Arkitektur;https://www.kth.se/student/kurser/kurs/1A5050;F�rkunskapskravF�r att f�lja kursen kr�vs examen p� magisterniv� i arkitektur eller motsvarande examen. F�retr�de ges f�r doktorander antagna vid KTH eller till annan forskarutbildning inom arkitektur.
False; Individuell projektkurs: konst, teknik och design;https://www.kth.se/student/kurser/kurs/AD3112;Magisterexamen eller motsvarande kunskap inom teknik, konst eller design (s�som arkitektur, planering, ingenj�r, design, konst eller hantverk) eller n�rliggande �mnen inom samh�llsvetenskap och humaniora.
False; Individuell projektkurs: konst, teknik och design;https://www.kth.se/student/kurser/kurs/AD3113;Magisterexamen eller motsvarande kunskap inom teknik, konst eller disgn (s�som arkitektur,planering, ingenj�r, design, kost eller hantverk) eller n�rliggande �mnen inom samh�llsvetenskap och humaniora.
False; Individuell seminariekurs: Arkitektur;https://www.kth.se/student/kurser/kurs/1A5044;F�rkunskapskravF�r att f�lja kursen kr�vs examen p� magisterniv� i arkitektur eller motsvarande examen. F�retr�de ges f�r doktorander antagna vid KTH eller till annan forskarutbildning inom arkitektur.
False; Individuell seminariekurs: Arkitektur;https://www.kth.se/student/kurser/kurs/1A5045;F�rkunskapskravF�r att f�lja kursen kr�vs examen p� magisterniv� i arkitektur eller motsvarande examen. F�retr�de ges f�r doktorander antagna vid KTH eller till annan forskarutbildning inom arkitektur
False; Individuell seminariekurs: Arkitektur;https://www.kth.se/student/kurser/kurs/1A5046;F�rkunskapskravF�r att f�lja kursen kr�vs examen p� magisterniv� i arkitektur eller motsvarande examen. F�retr�de ges f�r doktorander antagna vid KTH eller till annan forskarutbildning inom arkitektur.
False; Individuellt arkitekturprojekt p� avancerad niv�;https://www.kth.se/student/kurser/kurs/AD2IP9;Kandidatexamen inom omr�det arkitektur, eller motsvarande utbildningsniv�.Antalet deltagare �r begr�nsat och urval sker efter s�rskild portf�ljgenomg�ng.
False; Individuellt arkitekturprojekt p� grundniv�;https://www.kth.se/student/kurser/kurs/AD1IP9;Generellt antas studenten ha genomf�rt minst ett l�s�r � eventuellt med vissa rester � inom arkitektutbildningen. En s�rskild portf�ljbed�mning avg�r p� vilken niv� programmet skall formuleras. Antalet deltagare �r begr�nsat och urval sker efter denna portf�ljbed�mning.
False; Internationell restaureringshistoria;https://www.kth.se/student/kurser/kurs/AD208V;Kurslitteratur meddelas vid kursstart.
False; Introduktionskurs i urbanekonomi;https://www.kth.se/student/kurser/kurs/AD2865;For students within the TUPDM program:
False; Inventering av den urbana periferin Moskva-Stockholm;https://www.kth.se/student/kurser/kurs/AD1MOS;
False; IWAU Workshop;https://www.kth.se/student/kurser/kurs/AD1IWW;Kursen v�nder sig till alla studerande p� KTH:s Arkitekturprogram.
False; Kommunikationsdesign 1;https://www.kth.se/student/kurser/kurs/AD1KD1;Enligt besked vid kursstart.
False; Kommunikationsdesign 2;https://www.kth.se/student/kurser/kurs/AD1KD2;Godk�nd kurs Kommunikationsdesign 1, AD1KD1.�
False; Kommunikativa rum;https://www.kth.se/student/kurser/kurs/AD2KOR;
False; Konstn�rlig tr�ning ht (A);https://www.kth.se/student/kurser/kurs/AD1KHA;
False; Konstn�rlig tr�ning vt (B);https://www.kth.se/student/kurser/kurs/AD1KVA;
False; Kritiska studier i arkitektur;https://www.kth.se/student/kurser/kurs/1A5039;F�rkunskapskravF�r att f�lja kursen kr�vs examen p� magisterniv� i arkitektur eller motsvarande examen. F�retr�de ges f�r doktorander antagna vid KTH eller till annan forskarutbildning inom arkitektur.
False; Kroki;https://www.kth.se/student/kurser/kurs/AD1KRA;
False; Kroki 1;https://www.kth.se/student/kurser/kurs/AD1KR1;Kursen v�nder sig till alla studerande p� KTH.
False; Kroki 2;https://www.kth.se/student/kurser/kurs/AD1KR2;Studenter p� arkitekturprogrammet, KTH.
False; Kroki 3;https://www.kth.se/student/kurser/kurs/AD1KR3;Studenter p� arkitekturprogrammet, KTH.
False; Kroki 4;https://www.kth.se/student/kurser/kurs/AD1KR4;Studenter p� arkitekturprogrammet, KTH.
False; Kunskapskommunikation inom arkitekturforskning;https://www.kth.se/student/kurser/kurs/1A5034;F�rkunskapskravF�r att f�lja kursen kr�vs examen p� magisterniv� i arkitektur eller motsvarande examen. F�retr�de ges f�r doktorander antagna vid KTH eller till annan forskarutbildning inom arkitektur.
False; Lasersk�rning 1;https://www.kth.se/student/kurser/kurs/AD1LA1;Studenter p� arkitekturprogrammet, KTH.
False; Lasersk�rning 2;https://www.kth.se/student/kurser/kurs/AD1LA2;Kursen v�nder sig till alla studerande p� KTH.
False; Lasersk�rning 3;https://www.kth.se/student/kurser/kurs/AD1LA3;Kursen v�nder sig till alla studerande p� KTH.
False; Lasersk�rning 4;https://www.kth.se/student/kurser/kurs/AD1LA4;Kursen v�nder sig till alla studerande p� KTH.
False; Matter matters: Samtida arkitekturteknik;https://www.kth.se/student/kurser/kurs/AD214V;Grundl�ggande beh�righet: Avslutad gymnasieutbildning eller motsvarande, inkl. svenska och engelska.
False; Modernismens historieskrivning;https://www.kth.se/student/kurser/kurs/AD203V;Grundl�ggande beh�righet: Avslutad gymnasieutbildning eller motsvarande, inkl. svenska och engelska.
False; M�belformgivning;https://www.kth.se/student/kurser/kurs/AD2MOB;
False; Nordisk arkitektur;https://www.kth.se/student/kurser/kurs/AD116V;Grundl�ggande h�gskolebeh�righet dvs dokumenterad avslutad gymnasieutbildning inkl. svenska B och engelska A eller motsvarande.
False; Nordisk arkitektur;https://www.kth.se/student/kurser/kurs/AD243V;7,5 hp h�gskolestudier samt Svenska B/Svenska 3 och Engelska A/Engelska 5.
False; Nutida trender i stadsplanering och stadsutformning II;https://www.kth.se/student/kurser/kurs/AD2855;F�r studenter p� TUPDM programmet:
False; N�rvaroarkitektur;https://www.kth.se/student/kurser/kurs/AD2NA1;Enligt besked vid kursstart.
False; Omt�nkande forskningspraktiker i konst, teknik och design;https://www.kth.se/student/kurser/kurs/AD3101;Masterexamen eller motsvarande kunskap inom teknik, konst eller design (s�som arkitektur, planering, ingenj�r, design, konst eller hantverk) eller n�rliggande �mnen inom samh�llsvetenskap och humaniora. Kursen �r obligatorisk f�r forskarstuderande inom programmet konst, teknik och design.
False; Orienteringskurs i samh�llsbyggnad och arkitektur;https://www.kth.se/student/kurser/kurs/AD1OSA;Grundl�ggande beh�righet: Avslutad gymnasieutbildning eller motsvarande, inkl. svenska och engelska.�
False; Orienteringskurs i samh�llsbyggnad och arkitektur II;https://www.kth.se/student/kurser/kurs/AD1SA2;Grundl�ggande beh�righet: Avslutad gymnasieutbildning eller motsvarande.
False; Philosophies in Architecture;https://www.kth.se/student/kurser/kurs/1A5051;F�rkunskapskravF�r att f�lja kursen kr�vs examen p� magisterniv� i arkitektur eller motsvarande examen. F�retr�de ges f�r doktorander antagna vid KTH eller till annan forskarutbildning inom arkitektur.
False; Projekt h�llbar stadsbyggnad - offentliga platser och rum;https://www.kth.se/student/kurser/kurs/AD2860;F�r studenter p� TUPDM-programmet:
False; Public Places and Spaces;https://www.kth.se/student/kurser/kurs/AD2815;120 p from architecture, landscape architecture or planning programs on graduate level.
False; Reflekterande designprocess;https://www.kth.se/student/kurser/kurs/AD1RD1;Enligt besked vid kursstart.
False; Rom - arkitekturen och staden fr�n antik till nutid;https://www.kth.se/student/kurser/kurs/AD230V;Grundl�ggande beh�righet inklusive svenska och engelska.
False; Scenografi och r�rlig bild;https://www.kth.se/student/kurser/kurs/AD1SC1;Grundl�ggande beh�righet: Avslutad gymnasieutbildning eller motsvarande, inkl. svenska och engelska.
False; Spel och digital arkitektur;https://www.kth.se/student/kurser/kurs/AD217V;Grundl�ggande beh�righet: Avslutad gymnasieutbildning eller motsvarande inkl. svenska och engelska.
False; Stadsmorfologiska begrepp och verktyg;https://www.kth.se/student/kurser/kurs/AD251V;- H�gskolestudier om 120 hp inom omr�dena arkitektur, fysisk planering, landskapsarkitektur, landskapsplanering, samh�llsplanering
False; Stockholm Urban Lab II;https://www.kth.se/student/kurser/kurs/AD2835;120 p from architecture, landscape architecture or planning programs on graduate level.�
False; Structural Components in Urban Planning and Design;https://www.kth.se/student/kurser/kurs/AD2820;120 p from architecture, landscape architecture or planning programs on graduate level.�
False; Sustainable Design in the Urban Space;https://www.kth.se/student/kurser/kurs/AD2840;120 p from architecture, landscape architecture or planning programs on graduate level.�
False; Svensk restaureringshistoria;https://www.kth.se/student/kurser/kurs/AD201V;Kurslitteratur meddelas vid kursstart.
False; Tr�kurs;https://www.kth.se/student/kurser/kurs/AD1TRS;
False; Upplevelsen av arkitektur;https://www.kth.se/student/kurser/kurs/AD2EA1;90 hp h�gskolestudier inom omr�dena arkitektur och samh�llsplanering.
False; Urban strukturgestaltning;https://www.kth.se/student/kurser/kurs/AD2850;For students within the TUPDM program:
False; Urban tr�arkitektur II;https://www.kth.se/student/kurser/kurs/AD1WO2;Grundl�ggande beh�righet: avslutad gymnasieutbildning eller motsvarande, inkl. svenska och engelska.�Godk�nd kurs: AD1WOD, 6hp.
False; Urban tr�husarkitektur - Workshop i Kazan och Stockholm;https://www.kth.se/student/kurser/kurs/AD1WOD;
False; Urbanmorfologins teorier;https://www.kth.se/student/kurser/kurs/1A5040;F�rkunskapskravF�r att f�lja kursen kr�vs examen p� magisterniv� i arkitektur eller motsvarande examen. F�retr�de ges f�r doktorander antagna vid KTH eller till annan forskarutbildning inom arkitektur.
False; Urbanmorfologiska unders�kningar;https://www.kth.se/student/kurser/kurs/AD215V;Grundl�ggande beh�righet: Avslutad gymnasieutbildning eller motsvarande, inkl. svenska och engelska.
False; Utst�llningsgestaltning;https://www.kth.se/student/kurser/kurs/AD1UTG;Kursen v�nder sig till alla studerande p� KTH.
False; Vetenskapsteori och forskningsmetodik i konst, teknik och design;https://www.kth.se/student/kurser/kurs/AD3100;Masterexamen eller motsvarande kunskap inom teknik, konst eller design (s�som arkitektur, planering, ingenj�r, design, konst eller hantverk) eller n�rliggande �mnen inom samh�llsvetenskap och humaniora. F�r att kursen ska h�llas kr�vs ett minimum av 5 och ett maximum av 25 studenter.
False; Vetenskapsteori och forskningsmetodik inom arkitektur;https://www.kth.se/student/kurser/kurs/1A5035;F�r att f�lja kursen kr�vs examen p� magisterniv� i arkitektur eller motsvarande examen. F�retr�de ges f�r doktorander antagna vid KTH eller till annan forskarutbildning inom arkitektur.
False; World Architecture;https://www.kth.se/student/kurser/kurs/AD206V;Eligibility: Completed upper secondary education incl documented proficiency in English.
False; �mneskomplettering f�r arkitekter I;https://www.kth.se/student/kurser/kurs/AD1KU1;Kurslitteratur meddelas inf�r kursstart .
False; �mneskomplettering f�r arkitekter II;https://www.kth.se/student/kurser/kurs/AD1KU2;Kurslitteratur meddelas inf�r kursstart .
False; Arkitektur, inledande kurs 1;https://www.kth.se/student/kurser/kurs/A11CCA;(kursen inleder utbildningen)
False; Arkitektur, inledande kurs 2;https://www.kth.se/student/kurser/kurs/A21CCA;Ett �rs godk�nda studier p� arkitekturskolan (uppflyttad till �k 2)
False; Arkitektur, inledande kurs 3;https://www.kth.se/student/kurser/kurs/A31CCA;Studenten skall uppfylla uppflyttningskraven till tredje �rskursen.
False; Arkitektur, inledande kurs 3;https://www.kth.se/student/kurser/kurs/A31CCB;Studenten skall uppfylla uppflytningskraven till tredje �rskursen i arkitektur.
False; Arkitektur: Komplext projekt;https://www.kth.se/student/kurser/kurs/A31P3A;Kandidatexamen inom huvudomr�det arkitektur kan erh�llas efter tre �rs, 180 hp, studier inom arkitektutbildningen, erk�nd enligt artikel 46 i det europeiska yrkeskvalifikationsdiriktivet 2005/36/EG. Det inneb�r att f�rkunskapskravet �r godk�nt i samtliga projekt f�re examensarbetets start och att samtliga kurser skall vara registrerade i betygsregistret som godk�nda senast tv� veckor f�re slutgenomg�ng.
False; Arkitekturens historia och teori 1, �versikt;https://www.kth.se/student/kurser/kurs/A11HIA;Anges vid kursstarten
False; Arkitekturens historia och teori 1: Introduktion till Europas arkitektur;https://www.kth.se/student/kurser/kurs/A11HIB;Antagen till �rskurs 1 p� arkitektutbildningen vid KTH, ARKIT.
False; Arkitekturens historia och teori 2, nordisk arkitektur;https://www.kth.se/student/kurser/kurs/A21HIA;Kursen �r �ppen f�r s�kande �ven utanf�r arkitektutbildningen.
False; Arkitekturens historia och teori 2: Arkitektur och modernitet;https://www.kth.se/student/kurser/kurs/A21HIC;Studenten ska vara fullt godk�nd i f�rsta l�s�ret p� arkitektutbildningens�kurser och projekt.
False; Arkitekturens historia och teori 3;https://www.kth.se/student/kurser/kurs/A31HIA;Studenten skall uppfylla uppflyttningskraven till �rskurs 3.
False; Arkitekturens historia och teori 3:1 V�rldsarkitektur;https://www.kth.se/student/kurser/kurs/A31H1A;Studenten skall vara fullt godk�nd i andra l�s�ret p� arkitektutbildningens�kurser och projekt.
False; Arkitekturens historia och teori 3:2: uppsats p� grundl�ggande niv�;https://www.kth.se/student/kurser/kurs/A31H2A;Studenten skall vara fullt godk�nd i andra l�s�rets kurser och projekt.
False; Arkitekturens teori och historia 2;https://www.kth.se/student/kurser/kurs/A21HIB;Grundkursen i �rskurs 1 eller motsvarande. Kursen �r �ppen f�r s�kande �ven utanf�r arkitektutbildningen.
False; Arkitekturens teori och historia 3;https://www.kth.se/student/kurser/kurs/A31HIB;Studenten skall uppfylla uppflyttningskraven till tredje �rskursen.
False; Arkitekturkommunikation 1, konstn�rlig gestaltning;https://www.kth.se/student/kurser/kurs/A11KOA;(kursen inleder utbildningen)
False; Arkitekturkommunikation 2, konstn�rlig gestaltning;https://www.kth.se/student/kurser/kurs/A21KOA;Ett �rs godk�nda studier p� arkitekturskolan (uppflyttad till �k 2).
False; Arkitekturkommunikation 3, konstn�rlig gestaltning;https://www.kth.se/student/kurser/kurs/A31KOA;Studenten skall uppfylla uppflyttningskraven till �rskurs 3.
False; Arkitekturprojekt 1:1 Sammans�ttning, geometri, skala;https://www.kth.se/student/kurser/kurs/A11P1B;Antagna till �rskurs 1 p� arkitektutbildningen vid KTH,�ARKIT.
False; Arkitekturprojekt 1:1, struktur;https://www.kth.se/student/kurser/kurs/A11P1A;Arkitektur inledande kurs 1(i princip slutf�rd)
False; Arkitekturprojekt 1:2 Landskap, struktur, r�relse;https://www.kth.se/student/kurser/kurs/A11P2B;F�reg�ende projekt, Arkitekturprojekt 1:1, ska vara godk�nt eller bed�mas kunna bli godk�nt efter komplettering.
False; Arkitekturprojekt 1:2, vad �r ett hus?;https://www.kth.se/student/kurser/kurs/A11P2A;Arkitekturprojekt 1:1; Struktur(i princip slutf�rt)
False; Arkitekturprojekt 1:3 Boende, arbete, klimat;https://www.kth.se/student/kurser/kurs/A11P3B;Godk�nt projekt 1:1. Projekt 1:2 ska vara godk�nt eller bed�mas kunna bli godk�nt efter komplettering.
False; Arkitekturprojekt 1:3, Ordning och mening;https://www.kth.se/student/kurser/kurs/A11P3A;Arkitekturprojekt 1:2; Vad �r ett hus?(i princip slutf�rt).
False; Arkitekturprojekt 1:4, Bostaden;https://www.kth.se/student/kurser/kurs/A11P4A;Arkitekturprojekt 1:3; Ordning och mening(i princip slutf�rt)
False; Arkitekturprojekt 2:1 Struktur, plats, aktivitet;https://www.kth.se/student/kurser/kurs/A21P1C;Studenten skall vara fullt godk�nd i f�rsta l�s�ret�p� arkitektutbildningens�kurser och projekt.
False; Arkitekturprojekt 2:1, plats-struktur-program;https://www.kth.se/student/kurser/kurs/A21P1A;Ett �rs godk�nda studier p� arkitekturskolan (uppflyttad till �k 2)
False; Arkitekturprojekt 2:1, plats-struktur-program;https://www.kth.se/student/kurser/kurs/A21P1B;Ett �rs godk�nda studier p� arkitekturskolan (uppflyttad till �k 2)
False; Arkitekturprojekt 2:2 - Tectonics, Ornament, Transformation;https://www.kth.se/student/kurser/kurs/A21P2B;F�reg�ende projekt 2:1 ska vara godk�nt eller bed�mas kunna bli godk�nt efter komplettering.
False; Arkitekturprojekt 2:2, tektonik;https://www.kth.se/student/kurser/kurs/A21P2A;Deltagande i Inledande kurs 2 och Arkitekturprojekt 2:1 eller motsvarande.
False; Arkitekturprojekt 2:3 material, rum, detalj;https://www.kth.se/student/kurser/kurs/A11P3C;
False; Arkitekturprojekt 2:3 Material, rum, detalj;https://www.kth.se/student/kurser/kurs/A21P3C;Godk�nt Arkitekturprojekt 2:1. Projekt 2:2 ska vara godk�nt eller bed�mas kunna bli godk�nt efter komplettering.
False; Arkitekturprojekt 2:3, material-rum-detalj;https://www.kth.se/student/kurser/kurs/A21P3A;Deltagande i projektet Tektonik
False; Arkitekturprojekt 2:3, material-rum-detalj;https://www.kth.se/student/kurser/kurs/A21P3B;Deltagande i projektet Tektonik
False; Arkitekturprojekt 3:1, Stadsbyggnad;https://www.kth.se/student/kurser/kurs/A31P1A;Studenten skall vara fullt godk�nd i andra l�s�ret p� arkitekturbildningens�kurser och projekt.
False; Arkitekturprojekt 3:2, Laboration;https://www.kth.se/student/kurser/kurs/A31P2A;Studenten skall uppfylla uppflyttningskraven till tredje �rskursens v�rtermin.
False; Arkitekturteknik 1;https://www.kth.se/student/kurser/kurs/A11TEA;(kursen inleder utbildningen)
False; Arkitekturteknik 1;https://www.kth.se/student/kurser/kurs/A11TEB;Antagen till �rskurs 1 p� arkitektutbildningen vid KTH, ARKIT.
False; Arkitekturteknik 2;https://www.kth.se/student/kurser/kurs/A21TEA;Ett �rs godk�nda studier p� arkitekturskolan (uppflyttad till �k 2). Godk�nt p� kursen Arkitekturteknik 1
False; Arkitekturteknik 2;https://www.kth.se/student/kurser/kurs/A21TEB;Studenten skall vara fullt godk�nd i f�rsta l�s�ret p� arkitektutbildningens�kurser och projekt.
False; Arkitekturteknik 3;https://www.kth.se/student/kurser/kurs/A31TEA;Studenen skall uppfylla uppflyttningskraven till �rskurs 3.
False; Arkitekturteknik 3:1 Byggnad, stad, process;https://www.kth.se/student/kurser/kurs/A31T1A;Studenten skall vara fullt godk�nd i andra l�s�ret p� arkitektutbildningens�kurser och projekt.
False; Arkitekturteknik 3:2: Byggnad, stad, process;https://www.kth.se/student/kurser/kurs/A31T2A;Studenten skall vara fullt godk�nd i andra l�s�rets kurser och projekt.
False; Arkitekturteknik 3; Environmental Control;https://www.kth.se/student/kurser/kurs/A31TEB;Studenten skall uppfylla uppflyttningskraven till tredje �rskursen i arkitektur.
False; Arkitektur�mnet och Arkitektyrket;https://www.kth.se/student/kurser/kurs/A21AYA;Studenten ska vara fullt godk�nd i f�rsta l�s�rets kurser och projekt.
False; Avancerad datakurs;https://www.kth.se/student/kurser/kurs/A21D2A;Ett �rs godk�nda studier p� arkitekturskolan (uppflyttad till �k 2)
False; Digital bildbehandling och fotografisk gestaltning;https://www.kth.se/student/kurser/kurs/A11DBA;(kursen inleder utbildningen)
False; Examensarbete inom arkitektur f�r kandidatexamen;https://www.kth.se/student/kurser/kurs/1A10KA;Anges vid kursstart
False; Examensarbete inom arkitektur, grundniv�;https://www.kth.se/student/kurser/kurs/A31EXA;Studenten ska vara godk�nd p� samtliga obligatoriska kurser och projekt fr�n �rskurs 1-3, Arkitektutbildningen (ARKIT) som �r examinerade innan kandidatarbetet p�b�rjas. Undantaget �r n�rmast f�reg�ende projekt som ska vara godk�nt eller bed�mts kunna bli godk�nt efter komplettering.
False; Examensarbete inom arkitektur, grundniv�;https://www.kth.se/student/kurser/kurs/A31KAX;Studenten ska vara godk�nd p� samtliga obligatoriska kurser och projekt fr�n �rskurs 1-3, Arkitektutbildningen (ARKIT)�som �r examinerade innan kandidatarbetet p�b�rjas. Undantaget �r�n�rmast f�reg�ende projekt som�ska vara godk�nt eller bed�mts kunna�bli godk�nt efter komplettering.
False; H�llbar stadsutveckling;https://www.kth.se/student/kurser/kurs/A31HSA;Inledande kurs A31CCA Arkitektur i princip slutf�rd.
False; Introduktion till arkitekturskolan;https://www.kth.se/student/kurser/kurs/A11INA;(kursen inleder utbildningen)
False; Introduktion till Arkitektur�mnet;https://www.kth.se/student/kurser/kurs/A11IAA;Antagen till �rskurs 1 p� arkitektutbildningen vid KTH, ARKIT.
False; Introduktion till Arkitektyrket;https://www.kth.se/student/kurser/kurs/A11IYA;Antagen till �rskurs 1 p� arkitektutbildningen vid KTH, ARKIT.
False; Introduktionskurs i design;https://www.kth.se/student/kurser/kurs/A11IDA;(kursen inleder utbildningen)
False; Konstn�rliga metoder och verktyg 1;https://www.kth.se/student/kurser/kurs/A11KOB;Antagen till �rskurs 1 p� arkitektutbildningen vid KTH, ARKIT.
False; Konstn�rliga metoder och verktyg 2;https://www.kth.se/student/kurser/kurs/A21KOB;Studenten skall vara fullt godk�nd i f�rsta l�s�ret p� arkitektutbildningens�kurser och projekt.
False; Nyare arkitekturhistoria;https://www.kth.se/student/kurser/kurs/1A1251;
False; Nyare arkitekturhistoria;https://www.kth.se/student/kurser/kurs/A11HNA;
False; Portf�ljbed�mning 1;https://www.kth.se/student/kurser/kurs/A11POA;Arkitekturprojekt 1:1 - 1:4(i princip slutf�rda)
False; Portf�ljbed�mning 2;https://www.kth.se/student/kurser/kurs/A21POA;Deltagande i Inledande kurs 2, Arkitektur 2:1, Arkitektur 2:2 eller motsvarande
False; Projekt 3:2 Stadsrum och landskap;https://www.kth.se/student/kurser/kurs/A31P2D;Projekt 3:1 ska vara godk�nt eller bed�mas kunna bli godk�nt efter komplettering.
False; Representation 1: Ritteknik och deskriptiv geometri;https://www.kth.se/student/kurser/kurs/A11REA;Antagen till �rskurs 1 p� arkitektutbildningen vid KTH, ARKIT.
False; Representation 2: Fabrikation och deskriptiv geometri;https://www.kth.se/student/kurser/kurs/A21REA;Studenten skall vara fullt godk�nd i f�rsta l�s�ret p� arkitektutbildningens�kurser och projekt.
False; Representation 3: Informationshantering och presentation;https://www.kth.se/student/kurser/kurs/A31REA;Studenten skall vara fullt godk�nd i andra l�s�ret�p� arkitektutbildningens�kurser och projekt.
False; Snickerikurs;https://www.kth.se/student/kurser/kurs/A11VEA;ABE/Arkitektur, Gru 1-2-3
False; Specialarbete;https://www.kth.se/student/kurser/kurs/A21S1A;Litteratur meddelas vid kursstart.
False; Specialarbete;https://www.kth.se/student/kurser/kurs/A21S2A;
False; Stadens form och teori;https://www.kth.se/student/kurser/kurs/A31SFA;Studenten skall vara fullt godk�nd i andra l�s�ret p� arkitektutbildningens�kurser och projekt.
False; Stadsbyggnad, analys;https://www.kth.se/student/kurser/kurs/A31SBA;Studenten skall uppfylla uppflyttningskraven till tredje �rskursens v�rtermin och vara i huvudsak godk�nd i stadsbyggnadsprojekt 2.
False; Stadsbyggnad; Teori/teknik/specialkurs;https://www.kth.se/student/kurser/kurs/A31TTS;F�rkunskaper:Skall uppfylla uppflyttningskraven till �rskurs 3.
False; Stadsbyggnadsprojekt 3:1;https://www.kth.se/student/kurser/kurs/A31P1B;Arkitektur inledande kurs 3(kursen skall vara i princip slutf�rd)
False; Stadsbyggnadsprojekt 3:1;https://www.kth.se/student/kurser/kurs/A31P1C;Inledande kurs i �k3 (A31CCB) i princip slutf�rd.
False; Stadsbyggnadsprojekt 3:2;https://www.kth.se/student/kurser/kurs/A31P2B;Studenten skall uppfylla uppflyttningskraven till tredje �rskursens v�rtermin p� arkitekturprogrammet.
False; Stadsbyggnadsprojekt 3:2;https://www.kth.se/student/kurser/kurs/A31P2C;Studenten skall uppfylla uppflyttningskraven till tredje �rskursens v�rtermin.
False; Stadsbyggnadsteori;https://www.kth.se/student/kurser/kurs/A31STA;Studenten skall uppfylla uppflyttningskraven till �rskurs 3.Studenter fr�n landskapsarkitekt- och planererutbildningen kan antas efter pr�vning.
False; Studieresa, �k 1 (h�sten);https://www.kth.se/student/kurser/kurs/A11RHA;
False; Studieresa, �k 1 (v�ren);https://www.kth.se/student/kurser/kurs/A11RVA;Relevant litteratur f�r resm�let
False; Studieresa, �k 2 (h�sten);https://www.kth.se/student/kurser/kurs/A21RHA;
False; Studieresa, �k 2 (v�ren);https://www.kth.se/student/kurser/kurs/A21RVA;Relevant litteratur f�r resm�let
False; Studieresa, �k 3 (h�sten);https://www.kth.se/student/kurser/kurs/A31RHA;
False; Studieresa, �k 3 (v�ren);https://www.kth.se/student/kurser/kurs/A31RVA;Relevant litteratur f�r resm�let.
False; �ldre arkitekturhistoria;https://www.kth.se/student/kurser/kurs/A11HAA;
False; Arkitektur/Yrkesrelaterad studio, 4:1;https://www.kth.se/student/kurser/kurs/A42Y1B;Kandidatexamen inom omr�det arkitektur, eller motsvarande utbildningsniv�.
False; Arkitektur/Yrkesrelaterad studio, 4:2;https://www.kth.se/student/kurser/kurs/A42Y2B;Kandidatexamen inom omr�det arkitektur, eller motsvarande utbildningsniv�.
False; Arkitektur/Yrkesrelaterad studio, 4:3;https://www.kth.se/student/kurser/kurs/A42Y3B;Kandidatexamen inom omr�det arkitektur, eller motsvarande utbildningsniv�.
False; Arkitektur/Yrkesrelaterad studio, 4:4;https://www.kth.se/student/kurser/kurs/A42Y4B;Kandidatexamen inom omr�det arkitektur, eller motsvarande utbildningsniv�.
False; Arkitektur/Yrkesrelaterad studio, 5:1;https://www.kth.se/student/kurser/kurs/A52Y1B;Ett �rs fullt godk�nda arkitekturstudier i arkitektur p� avancerad niv�, kurser och projekt.
False; Arkitektur/Yrkesrelaterad studio, 5:2;https://www.kth.se/student/kurser/kurs/A52Y2B;Ett �rs fullt godk�nda arkitekturstudier i arkitektur p� avancerad niv�, kurser och projekt.
False; Arkitektur/yrkesrelaterad studio, 5:3;https://www.kth.se/student/kurser/kurs/A52Y3B;Ett �rs fullt godk�nda arkitekturstudier i arkitektur p� avancerad niv�, kurser och projekt.
False; Arkitektur/yrkesrelaterad studio, 5:4;https://www.kth.se/student/kurser/kurs/A52Y4B;Ett �rs fullt godk�nda arkitekturstudier i arkitektur p� avancerad niv�, kurser och projekt.
False; Arkitekturens historia och teori 4:1;https://www.kth.se/student/kurser/kurs/A42H1A;Kandidatexamen inom omr�det arkitektur, eller motsvarande utbildningsniv�.
False; Arkitekturens historia och teori 4:2;https://www.kth.se/student/kurser/kurs/A42H2A;Kandidatexamen inom arkitektur eller n�rliggande omr�de p��motsvarande utbildningsniv�.
False; Arkitekturens historia och teori 5:1;https://www.kth.se/student/kurser/kurs/A52H1A;Ett �rs fullt godk�nda arkitekturstudier i arkitektur p� avancerad niv�, kurser och projekt.
False; Arkitekturens historia och teori 5:2;https://www.kth.se/student/kurser/kurs/A52H2A;Ett �rs fullt godk�nda arkitekturstudier i arkitektur p� avancerad niv�, kurser och projekt.
False; Arkitekturkommunikation 4;https://www.kth.se/student/kurser/kurs/A41Q1A;
False; Arkitekturkommunikation 5;https://www.kth.se/student/kurser/kurs/A51Q1A;
False; Arkitekturkritisk teori IV: Gender. Studio;https://www.kth.se/student/kurser/kurs/AD221V;Grundl�ggande beh�righet: Avslutad gymnasieutbildning eller motsvarande, inkl. svenska och engelska.
False; Arkitekturprojekt 4:1, Arkitektur och teknik;https://www.kth.se/student/kurser/kurs/A42P1A;
False; Arkitekturprojekt 5:1, Arkitektur och stadsbyggnad;https://www.kth.se/student/kurser/kurs/A52P1A;
False; Arkitekturprojekt 5:2;https://www.kth.se/student/kurser/kurs/A52P2A;
False; Arkitekturteknik 4:1;https://www.kth.se/student/kurser/kurs/A42T1A;Bachelor�s Degree, or an equivalent level, within the field of Architecture.
False; Arkitekturteknik 4:2;https://www.kth.se/student/kurser/kurs/A42T2A;Kandidatexamen inom arkitektur eller n�rliggande omr�de p��motsvarande utbildningsniv�.
False; Arkitekturteknik 5:1;https://www.kth.se/student/kurser/kurs/A52T1A;Ett �rs fullt godk�nda arkitekturstudier i arkitektur p� avancerad niv�, kurser och projekt.
False; Arkitekturteknik 5:2;https://www.kth.se/student/kurser/kurs/A52T2A;Ett �rs fullt godk�nda arkitekturstudier i arkitektur p� avancerad niv�, kurser och projekt.
False; Avancerad gestaltning - Studio 4:1;https://www.kth.se/student/kurser/kurs/A42A1B;Kandidatexamen inom omr�det arkitektur, eller motsvarande utbildningsniv�
False; Avancerad gestaltning - Studio 4:2;https://www.kth.se/student/kurser/kurs/A42A2B;Kandidatexamen inom omr�det arkitektur, eller motsvarande utbildningsniv�
False; Avancerad gestaltning - Studio 4:3;https://www.kth.se/student/kurser/kurs/A42A3B;Kandidatexamen inom omr�det arkitektur, eller motsvarande utbildningsniv�
False; Avancerad gestaltning - Studio 4:4;https://www.kth.se/student/kurser/kurs/A42A4B;Kandidatexamen inom omr�det arkitektur, eller motsvarande utbildningsniv�
False; Avancerad gestaltning - Studio 5:1;https://www.kth.se/student/kurser/kurs/A52A1B;Ett �rs fullt godk�nda arkitekturstudier i arkitektur p� avancerad niv�, kurser och projekt.
False; Avancerad gestaltning - Studio 5:2;https://www.kth.se/student/kurser/kurs/A52A2B;Ett �rs fullt godk�nda arkitekturstudier i arkitektur p� avancerad niv�, kurser och projekt.
False; Avancerad gestaltning - studio 5:3;https://www.kth.se/student/kurser/kurs/A52A3B;Ett �rs fullt godk�nda arkitekturstudier i arkitektur p� avancerad niv�, kurser och projekt.
False; Avancerad gestaltning - studio 5:4;https://www.kth.se/student/kurser/kurs/A52A4B;Ett �rs fullt godk�nda arkitekturstudier i arkitektur p� avancerad niv�, kurser och projekt.
False; Designstudion f�r Arkitekturens Interdisciplinaritet 4:1;https://www.kth.se/student/kurser/kurs/A42T1B;Bachelor�s Degree, or an equivalent level, within the field of Architecture.
False; Designstudion f�r Arkitekturens Interdisciplinaritet 4:2;https://www.kth.se/student/kurser/kurs/A42T2B;Bachelor�s Degree, or an equivalent level, within the field of Architecture.
False; Designstudion f�r Arkitekturens Interdisciplinaritet 4:3;https://www.kth.se/student/kurser/kurs/A42T3B;Bachelor�s Degree, or an equivalent level, within the field of Architecture.
False; Designstudion f�r Arkitekturens Interdisciplinaritet 4:4;https://www.kth.se/student/kurser/kurs/A42T4B;Bachelor�s Degree, or an equivalent level, within the field of Architecture.
False; Designstudion f�r Arkitekturens Interdisciplinaritet 5:1;https://www.kth.se/student/kurser/kurs/A52T1B;Ett �rs fullt godk�nda arkitekturstudier i arkitektur p� avancerad niv�, kurser och projekt.
False; Designstudion f�r Arkitekturens Interdisciplinaritet 5:2;https://www.kth.se/student/kurser/kurs/A52T2B;Ett �rs fullt godk�nda arkitekturstudier i arkitektur p� avancerad niv�, kurser och projekt.
False; Designstudion f�r arkitekturens interdisciplinaritet, studio - 5:3;https://www.kth.se/student/kurser/kurs/A52T3B;Ett �rs fullt godk�nda arkitekturstudier i arkitektur p� avancerad niv�, kurser och projekt.
False; Designstudion f�r arkitekturens interdisciplinaritet, studio - 5:3;https://www.kth.se/student/kurser/kurs/A52T4B;Ett �rs fullt godk�nda arkitekturstudier i arkitektur p� avancerad niv�, kurser och projekt.
False; Examensarbete inom arkitektur;https://www.kth.se/student/kurser/kurs/1A10AX;Kursen har samma inneh�ll och uppl�gg som A52ARX Examensarbete inom arkitektur, avancerad niv�. Kursen avses f�r s�dana studerande som enligt rektors beslut (V-2007-0749) kollas har m�jlighet att g�ra examensarbetet enligt den �ldre betygsskalan.
False; Examensarbete inom arkitektur, avancerad niv�;https://www.kth.se/student/kurser/kurs/A52ARX;Samtliga obligatoriska utbildningsmoment i enlighet med utbildningsplanen inom Arkitektutbildningen fram till examensarbetet eller samtliga obligatoriska utbildningsmoment i enlighet med Masterprogrammet i Arkitektur ska vara godk�nda.
False; Examensarbete inom arkitektur, avancerad niv�;https://www.kth.se/student/kurser/kurs/A52EXA;Samtliga obligatoriska utbildningsmoment i enlighet med utbildningsplanen inom Arkitektutbildningen fram till examensarbetet eller samtliga obligatoriska utbildningsmoment i enlighet med Masterprogrammet i Arkitektur ska vara godk�nda.
False; Fri arkitekturstudio 4:1;https://www.kth.se/student/kurser/kurs/A42F1B;Kandidatexamen inom omr�det arkitektur, eller motsvarande utbildningsniv�.
False; Fri arkitekturstudio 4:2;https://www.kth.se/student/kurser/kurs/A42F2B;Kandidatexamen inom omr�det arkitektur, eller motsvarande utbildningsniv�.
False; Fri arkitekturstudio 4:3;https://www.kth.se/student/kurser/kurs/A42F3B;Kandidatexamen inom omr�det arkitektur, eller motsvarande utbildningsniv�.
False; Fri arkitekturstudio 4:4;https://www.kth.se/student/kurser/kurs/A42F4B;Kandidatexamen inom omr�det arkitektur, eller motsvarande utbildningsniv�.
False; Fri arkitekturstudio 5:1;https://www.kth.se/student/kurser/kurs/A52F1B;Kandidatexamen inom omr�det arkitektur, eller motsvarande utbildningsniv� + godk�nda studier i �rskurs fyra.
False; Fri arkitekturstudio 5:2;https://www.kth.se/student/kurser/kurs/A52F2B;Kandidatexamen inom omr�det arkitektur, eller motsvarande utbildningsniv� + godk�nda studier i �rskurs fyra.
False; Gestaltningsprocess - Studio 4:1;https://www.kth.se/student/kurser/kurs/A42P1B;Kandidatexamen inom omr�det arkitektur, eller motsvarande utbildningsniv�.
False; Gestaltningsprocess - Studio 4:2;https://www.kth.se/student/kurser/kurs/A42P2B;Kandidatexamen inom omr�det arkitektur, eller motsvarande utbildningsniv�.
False; Gestaltningsprocess - Studio 4:3;https://www.kth.se/student/kurser/kurs/A42P3B;Kandidatexamen inom omr�det arkitektur, eller motsvarande utbildningsniv�.
False; Gestaltningsprocess - Studio 4:4;https://www.kth.se/student/kurser/kurs/A42P4B;Kandidatexamen inom omr�det arkitektur, eller motsvarande utbildningsniv�.
False; Gestaltningsprocess - Studio 5:1;https://www.kth.se/student/kurser/kurs/A52P1B;Ett �rs fullt godk�nda arkitekturstudier i arkitektur p� avancerad niv�, kurser och projekt.
False; Gestaltningsprocess - Studio 5:2;https://www.kth.se/student/kurser/kurs/A52P2B;Ett �rs fullt godk�nda arkitekturstudier i arkitektur p� avancerad niv�, kurser och projekt.
False; Gestaltningsprocess - studio 5:3;https://www.kth.se/student/kurser/kurs/A52P3B;Ett �rs fullt godk�nda arkitekturstudier i arkitektur p� avancerad niv�, kurser och projekt.
False; Gestaltningsprocess - studio 5:4;https://www.kth.se/student/kurser/kurs/A52P4B;Ett �rs fullt godk�nda arkitekturstudier i arkitektur p� avancerad niv�, kurser och projekt.
False; Grundl�ggande gestaltning - Studio 4:1;https://www.kth.se/student/kurser/kurs/A42G1B;Kandidatexamen inom omr�det arkitektur, eller motsvarande utbildningsniv�.
False; Grundl�ggande gestaltning - Studio 4:2;https://www.kth.se/student/kurser/kurs/A42G2B;Kandidatexamen inom omr�det arkitektur, eller motsvarande utbildningsniv�.
False; Grundl�ggande gestaltning - Studio 4:3;https://www.kth.se/student/kurser/kurs/A42G3B;Kandidatexamen inom omr�det arkitektur, eller motsvarande utbildningsniv�.
False; Grundl�ggande gestaltning - Studio 4:4;https://www.kth.se/student/kurser/kurs/A42G4B;Kandidatexamen inom omr�det arkitektur, eller motsvarande utbildningsniv�.
False; Grundl�ggande gestaltning - Studio 5:1;https://www.kth.se/student/kurser/kurs/A52G1B;Ett �rs fullt godk�nda arkitekturstudier i arkitektur p� avancerad niv�, kurser och projekt.
False; Grundl�ggande gestaltning - Studio 5:2;https://www.kth.se/student/kurser/kurs/A52G2B;Ett �rs fullt godk�nda arkitekturstudier i arkitektur p� avancerad niv�, kurser och projekt.
False; Grundl�ggande gestaltning - studio 5:3;https://www.kth.se/student/kurser/kurs/A52G3B;Ett �rs fullt godk�nda arkitekturstudier i arkitektur p� avancerad niv�, kurser och projekt.
False; Grundl�ggande gestaltning - studio 5:4;https://www.kth.se/student/kurser/kurs/A52G4B;Ett �rs fullt godk�nda arkitekturstudier i arkitektur p� avancerad niv�, kurser och projekt.
False; G�ststudio - studio 4:1;https://www.kth.se/student/kurser/kurs/A42V1B;
False; G�ststudio - studio 4:2;https://www.kth.se/student/kurser/kurs/A42V2B;
False; G�ststudio - studio 4:3;https://www.kth.se/student/kurser/kurs/A42V3B;
False; G�ststudio - studio 4:4;https://www.kth.se/student/kurser/kurs/A42V4B;
False; G�ststudio - studio 5:1;https://www.kth.se/student/kurser/kurs/A52V1B;
False; G�ststudio - studio 5:2;https://www.kth.se/student/kurser/kurs/A52V2B;
False; G�ststudio - studio 5:3;https://www.kth.se/student/kurser/kurs/A52V3B;
False; G�ststudio - studio 5:4;https://www.kth.se/student/kurser/kurs/A52V4B;
False; H�llbar gestaltning - Studio 4:1;https://www.kth.se/student/kurser/kurs/A42H1B;Kandidatexamen inom omr�det arkitektur, eller motsvarande utbildningsniv�.
False; H�llbar gestaltning - Studio 4:2;https://www.kth.se/student/kurser/kurs/A42H2B;Kandidatexamen inom omr�det arkitektur, eller motsvarande utbildningsniv�.
False; H�llbar gestaltning - Studio 4:3;https://www.kth.se/student/kurser/kurs/A42H3B;Kandidatexamen inom omr�det arkitektur, eller motsvarande utbildningsniv�.
False; H�llbar gestaltning - Studio 4:4;https://www.kth.se/student/kurser/kurs/A42H4B;Kandidatexamen inom omr�det arkitektur, eller motsvarande utbildningsniv�.
False; H�llbar gestaltning - Studio 5:1;https://www.kth.se/student/kurser/kurs/A52H1B;Ett �rs fullt godk�nda arkitekturstudier i arkitektur p� avancerad niv�, kurser och projekt.
False; H�llbar gestaltning - Studio 5:2;https://www.kth.se/student/kurser/kurs/A52H2B;Ett �rs fullt godk�nda arkitekturstudier i arkitektur p� avancerad niv�, kurser och projekt.
False; H�llbar gestaltning - studio 5:3;https://www.kth.se/student/kurser/kurs/A52H3B;Ett �rs fullt godk�nda arkitekturstudier i arkitektur p� avancerad niv�, kurser och projekt.
False; H�llbar gestaltning - studio 5:4;https://www.kth.se/student/kurser/kurs/A52H4B;Ett �rs fullt godk�nda arkitekturstudier i arkitektur p� avancerad niv�, kurser och projekt.
False; H�stprojekt 4, Architecture Information/Articulations;https://www.kth.se/student/kurser/kurs/A4211A;
False; H�stprojekt 4, Arena;https://www.kth.se/student/kurser/kurs/A4221A;
False; H�stprojekt 4, Building Sites (1);https://www.kth.se/student/kurser/kurs/A4241A;
False; H�stprojekt 4, Swedish Cultural Heritage;https://www.kth.se/student/kurser/kurs/A4231A;
False; Individuellt arbete inf�r examen;https://www.kth.se/student/kurser/kurs/A52AXI;
False; Introduktion till arkitektutbildningen;https://www.kth.se/student/kurser/kurs/A10INA;Student antagen till �rskurs 1 p� arkitektutbildningen vid KTH, ARKIT.
False; Kritiska studier - studio 4:1;https://www.kth.se/student/kurser/kurs/A42K1B;Kandidatexamen inom omr�det arkitektur, eller motsvarande utbildningsniv�.
False; Kritiska studier - studio 4:2;https://www.kth.se/student/kurser/kurs/A42K2B;Kandidatexamen inom omr�det arkitektur, eller motsvarande utbildningsniv�.
False; Kritiska studier - studio 4:3;https://www.kth.se/student/kurser/kurs/A42K3B;Kandidatexamen inom omr�det arkitektur, eller motsvarande utbildningsniv�.
False; Kritiska studier - studio 4:4;https://www.kth.se/student/kurser/kurs/A42K4B;Kandidatexamen inom omr�det arkitektur, eller motsvarande utbildningsniv�.
False; Kritiska studier - studio 5:1;https://www.kth.se/student/kurser/kurs/A52K1B;Ett �rs fullt godk�nda arkitekturstudier i arkitektur p� avancerad niv�, kurser och projekt.
False; Kritiska studier - studio 5:2;https://www.kth.se/student/kurser/kurs/A52K2B;Ett �rs fullt godk�nda arkitekturstudier i arkitektur p� avancerad niv�, kurser och projekt.
False; Kritiska studier - studio 5:3;https://www.kth.se/student/kurser/kurs/A52K3B;Ett �rs fullt godk�nda arkitekturstudier i arkitektur p� avancerad niv�, kurser och projekt.
False; Kritiska studier - studio 5:4;https://www.kth.se/student/kurser/kurs/A52K4B;Ett �rs fullt godk�nda arkitekturstudier i arkitektur p� avancerad niv�, kurser och projekt.
False; Landskapsarkitektur - studio 4:1;https://www.kth.se/student/kurser/kurs/A42L1B;Kandidatexamen inom omr�det arkitektur, eller motsvarande utbildningsniv�.Beh�righet fr�n andra �mnesomr�den bed�ms s�rskilt.
False; Landskapsarkitektur - studio 4:2;https://www.kth.se/student/kurser/kurs/A42L2B;Kandidatexamen inom omr�det arkitektur, eller motsvarande utbildningsniv�.Beh�righet fr�n andra �mnesomr�den bed�ms s�rskilt.
False; Landskapsarkitektur - studio 4:3;https://www.kth.se/student/kurser/kurs/A42L3B;Kandidatexamen inom omr�det arkitektur, eller motsvarande utbildningsniv�.Beh�righet fr�n andra �mnesomr�den bed�ms s�rskilt.
False; Landskapsarkitektur - studio 4:4;https://www.kth.se/student/kurser/kurs/A42L4B;Kandidatexamen inom omr�det arkitektur, eller motsvarande utbildningsniv�.Beh�righet fr�n andra �mnesomr�den bed�ms s�rskilt.
False; Landskapsarkitektur - studio 5:1;https://www.kth.se/student/kurser/kurs/A52L1B;Ett �rs fullt godk�nda arkitekturstudier i arkitektur p� avancerad niv�, kurser och projekt.Beh�righet fr�n andra �mnesomr�den bed�ms s�rskilt.
False; Landskapsarkitektur - studio 5:2;https://www.kth.se/student/kurser/kurs/A52L2B;Ett �rs fullt godk�nda arkitekturstudier i arkitektur p� avancerad niv�, kurser och projekt.Beh�righet fr�n andra �mnesomr�den bed�ms s�rskilt.
False; Landskapsarkitektur - studio 5:3;https://www.kth.se/student/kurser/kurs/A52L3B;Ett �rs fullt godk�nda arkitekturstudier i arkitektur p� avancerad niv�, kurser och projekt.�Beh�righet fr�n andra �mnesomr�den bed�ms s�rskilt.
False; Landskapsarkitektur - studio 5:4;https://www.kth.se/student/kurser/kurs/A52L4B;Ett �rs fullt godk�nda arkitekturstudier i arkitektur p� avancerad niv�, kurser och projekt.Beh�righet fr�n andra �mnesomr�den bed�ms s�rskilt.
False; Ombyggnad-tillbyggnad-restaurering - studio 5:3;https://www.kth.se/student/kurser/kurs/A52R3B;Ett �rs fullt godk�nda arkitekturstudier i arkitektur p� avancerad niv�, kurser och projekt.
False; Ombyggnad-tillbyggnad-restaurering - studio 5:4;https://www.kth.se/student/kurser/kurs/A52R4B;Ett �rs fullt godk�nda arkitekturstudier i arkitektur p� avancerad niv�, kurser och projekt.
False; Ombyggnad-tillbyggnad-restaurering, studio 4:1;https://www.kth.se/student/kurser/kurs/A42R1B;Kandidatexamen inom omr�det arkitektur, eller motsvarande utbildningsniv�.
False; Ombyggnad-tillbyggnad-restaurering, studio 4:2;https://www.kth.se/student/kurser/kurs/A42R2B;Kandidatexamen inom omr�det arkitektur, eller motsvarande utbildningsniv�.
False; Ombyggnad-tillbyggnad-restaurering, studio 4:3;https://www.kth.se/student/kurser/kurs/A42R3B;Kandidatexamen inom omr�det arkitektur, eller motsvarande utbildningsniv�.
False; Ombyggnad-tillbyggnad-restaurering, studio 4:4;https://www.kth.se/student/kurser/kurs/A42R4B;Kandidatexamen inom omr�det arkitektur, eller motsvarande utbildningsniv�.
False; Ombyggnad-tillbyggnad-restaurering, studio 5:1;https://www.kth.se/student/kurser/kurs/A52R1B;Ett �rs fullt godk�nda arkitekturstudier i arkitektur p� avancerad niv�, kurser och projekt.
False; Ombyggnad-tillbyggnad-restaurering, studio 5:2;https://www.kth.se/student/kurser/kurs/A52R2B;Ett �rs fullt godk�nda arkitekturstudier i arkitektur p� avancerad niv�, kurser och projekt.
False; Orientering; Arkitekturens teknik, teori och historia 4:1;https://www.kth.se/student/kurser/kurs/A42O1A;Utbytesstudenter inom Arkitektutbildningen (ARKIT) �r beh�riga.
False; Orientering; Arkitekturens teknik, teori och historia 4:2;https://www.kth.se/student/kurser/kurs/A42O2A;Endast f�r studenter antagna till �k 4 ARKIT samt �k 1 TARKM samt inkommande utbytesstudenter som �r en del av ett utbytesprogram inom Arkitektutbildningen.
False; Orientering; Arkitekturens teknik, teori och historia 5;https://www.kth.se/student/kurser/kurs/A52O1A;F�rkunskapskrav inf�r �rskurs 5 (ARKIT):
False; Orientering; Arkitekturens teknik, teori och historia 5:2;https://www.kth.se/student/kurser/kurs/A52O2A;F�rkunskapskrav inf�r �rskurs 5 (ARKIT):
False; Performativ designstudio 4:1;https://www.kth.se/student/kurser/kurs/A42D1B;Kandidatexamen inom omr�det arkitektur, eller motsvarande utbildningsniv�.
False; Performativ designstudio 4:2;https://www.kth.se/student/kurser/kurs/A42D2B;Kandidatexamen inom omr�det arkitektur, eller motsvarande utbildningsniv�.Studenten f�rv�ntas �ven ha deltagit i tidigare projekt inom denna studio.
False; Performativ designstudio 4:3;https://www.kth.se/student/kurser/kurs/A42D3B;Kandidatexamen inom omr�det arkitektur, eller motsvarande utbildningsniv�.Studenten f�rv�ntas �ven ha deltagit i tidigare projekt inom denna studio.
False; Performativ designstudio 4:4;https://www.kth.se/student/kurser/kurs/A42D4B;Kandidatexamen inom omr�det arkitektur, eller motsvarande utbildningsniv�.Studenten f�rv�ntas �ven ha deltagit i tidigare projekt inom denna studio.
False; Performativ designstudio 5:1;https://www.kth.se/student/kurser/kurs/A52D1B;Kandidatexamen inom omr�det arkitektur, eller motsvarande utbildningsniv� + godk�nda studier i �rskurs fyra.
False; Performativ designstudio 5:2;https://www.kth.se/student/kurser/kurs/A52D2B;Kandidatexamen inom omr�det arkitektur, eller motsvarande utbildningsniv� + godk�nda studier i �rskurs fyra.Studenten f�rv�ntas �ven ha deltagit i tidigare projekt inom denna studio.
False; Performative designstudio 4:1;https://www.kth.se/student/kurser/kurs/A42D1C;Bachelor�s Degree, or an equivalent level, within the field of Architecture.
False; Performative designstudio 4:2;https://www.kth.se/student/kurser/kurs/A42D2C;Bachelor�s Degree, or an equivalent level, within the field of Architecture.Students are also expeced to have followed the Performative Design Studio.
False; Performative designstudio 4:3;https://www.kth.se/student/kurser/kurs/A42D3C;Bachelor�s Degree, or an equivalent level, within the field of Architecture.Students are also expected to have followed the Performative Design Studio.
False; Performative designstudio 4:4;https://www.kth.se/student/kurser/kurs/A42D4C;Bachelor�s Degree, or an equivalent level, within the field of Architecture.Students are also expeced to have followed the Performative Design Studio.
False; Performative designstudio 5:1;https://www.kth.se/student/kurser/kurs/A52D1C;Ett �rs fullt godk�nda arkitekturstudier i arkitektur p� avancerad niv�, kurser och projekt.
False; Performative designstudio 5:2;https://www.kth.se/student/kurser/kurs/A52D2C;Ett �rs fullt godk�nda arkitekturstudier i arkitektur p� avancerad niv�, kurser och projekt.
False; Performative designstudio 5:3;https://www.kth.se/student/kurser/kurs/A52D3C;Ett �rs fullt godk�nda arkitekturstudier i arkitektur p� avancerad niv�, kurser och projekt.
False; Performative designstudio 5:4;https://www.kth.se/student/kurser/kurs/A52D4C;Ett �rs fullt godk�nda arkitekturstudier i arkitektur p� avancerad niv�, kurser och projekt.
False; Seminariekurs, avancerad niv� 4HT;https://www.kth.se/student/kurser/kurs/A42SEH;Utbytesstudenter inom Arkitektutbildningen (ARKIT) �r beh�riga.
False; Seminariekurs, avancerad niv� 4VT;https://www.kth.se/student/kurser/kurs/A42SEV;Endast f�r studenter antagna till �k 4 ARKIT samt �k 1 TARKM samt inkommande utbytesstudenter som �r en del av ett utbytesprogram inom Arkitektutbildningen.
False; Seminariekurs, avancerad niv� 5HT;https://www.kth.se/student/kurser/kurs/A52SEH;F�rkunskapskrav inf�r �rskurs 5 (ARKIT):
False; Seminariekurs, avancerad niv� 5VT;https://www.kth.se/student/kurser/kurs/A52SEV;F�rkunskapskrav inf�r �rskurs 5 (ARKIT):
False; Specialarbete;https://www.kth.se/student/kurser/kurs/A42S1A;Kandidatexamen inom omr�det arkitektur, eller motsvarande utbildningsniv�.Antalet deltagare �r begr�nsat och urval sker efter s�rskild pr�vning och portf�ljgenomg�ng.
False; Specialarbete;https://www.kth.se/student/kurser/kurs/A42S2A;Kandidatexamen inom omr�det arkitektur, eller motsvarande utbildningsniv�
False; Studieresa, �k 4 (h�sten);https://www.kth.se/student/kurser/kurs/A41RHA;Bachelor�s Degree, or an equivalent level, within the field of Architecture.
False; Studieresa, �k 4 (v�ren);https://www.kth.se/student/kurser/kurs/A41RVA;Bachelor�s Degree, or an equivalent level, within the field of Architecture.
False; Studieresa, �k 5 (h�sten);https://www.kth.se/student/kurser/kurs/A51RHA;Ett �rs fullt godk�nda arkitekturstudier i arkitektur p� avancerad niv�, kurser och projekt.
False; Studieresa, �k 5 (v�ren);https://www.kth.se/student/kurser/kurs/A51RVA;Ett �rs fullt godk�nda arkitekturstudier i arkitektur p� avancerad niv�, kurser och projekt.
False; Studioprojekt, avancerad niv�;https://www.kth.se/student/kurser/kurs/A42A13;Studenten m�ste uppvisa tillr�cklig f�rdighet och f�rm�ga f�r att sj�lvst�ndigt och med adekvat metodik genomf�ra och utv�rdera arkitekturprojekt.
False; Studioprojekt, avancerad niv�;https://www.kth.se/student/kurser/kurs/A42B13;Studenten m�ste uppvisa tillr�cklig f�rdighet och f�rm�ga f�r att sj�lvst�ndigt och med adekvat metodik genomf�ra och utv�rdera arkitekturprojekt.
False; Studioprojekt, avancerad niv�;https://www.kth.se/student/kurser/kurs/A42C14;Studenten m�ste uppvisa tillr�cklig f�rdighet och f�rm�ga f�r att sj�lvst�ndigt och med adekvat metodik genomf�ra och utv�rdera arkitekturprojekt.
False; Studioprojekt, avancerad niv�;https://www.kth.se/student/kurser/kurs/A42D14;Studenten m�ste uppvisa tillr�cklig f�rdighet och f�rm�ga f�r att sj�lvst�ndigt och med adekvat metodik genomf�ra och utv�rdera arkitekturprojekt.
False; Studioprojekt, avancerad niv�;https://www.kth.se/student/kurser/kurs/A52A13;Studenten m�ste uppvisa tillr�cklig f�rdighet och f�rm�ga f�r att sj�lvst�ndigt och med adekvat metodik genomf�ra och utv�rdera arkitekturprojekt.
False; Studioprojekt, avancerad niv�;https://www.kth.se/student/kurser/kurs/A52B13;Studenten m�ste uppvisa tillr�cklig f�rdighet och f�rm�ga f�r att sj�lvst�ndigt och med adekvat metodik genomf�ra och utv�rdera arkitekturprojekt.
False; Uppsats/Workshop;https://www.kth.se/student/kurser/kurs/A52UPA;
False; Urban designstudio 4:1;https://www.kth.se/student/kurser/kurs/A42U1B;Kandidatexamen inom omr�det arkitektur, eller motsvarande utbildningsniv�.
False; Urban designstudio 4:2;https://www.kth.se/student/kurser/kurs/A42U2B;Kandidatexamen inom omr�det arkitektur, eller motsvarande utbildningsniv�.
False; Urban designstudio 4:3;https://www.kth.se/student/kurser/kurs/A42U3B;Kandidatexamen inom omr�det arkitektur, eller motsvarande utbildningsniv�.
False; Urban designstudio 4:4;https://www.kth.se/student/kurser/kurs/A42U4B;Kandidatexamen inom omr�det arkitektur, eller motsvarande utbildningsniv�.
False; Urban designstudio 5:1;https://www.kth.se/student/kurser/kurs/A52U1B;Ett �rs fullt godk�nda arkitekturstudier i arkitektur p� avancerad niv�, kurser och projekt.
False; Urban designstudio 5:2;https://www.kth.se/student/kurser/kurs/A52U2B;Ett �rs fullt godk�nda arkitekturstudier i arkitektur p� avancerad niv�, kurser och projekt.
False; Urban designstudio 5:3;https://www.kth.se/student/kurser/kurs/A52U3B;Ett �rs fullt godk�nda arkitekturstudier i arkitektur p� avancerad niv�, kurser och projekt.
False; Urban designstudio 5:4;https://www.kth.se/student/kurser/kurs/A52U4B;Ett �rs fullt godk�nda arkitekturstudier i arkitektur p� avancerad niv�, kurser och projekt.
False; Vinterprojekt 4, Architecure Information/Articulations (2);https://www.kth.se/student/kurser/kurs/A4212A;
False; Vinterprojekt 4, Building Sites (2);https://www.kth.se/student/kurser/kurs/A4242A;
False; Vinterprojekt 4, Competitive Edge;https://www.kth.se/student/kurser/kurs/A4232A;
False; Vinterprojekt 4, Displacements: New Settlements for Roma People (1);https://www.kth.se/student/kurser/kurs/A4262A;
False; Vinterprojekt 4, Production of Architecture (1): Film;https://www.kth.se/student/kurser/kurs/A4252A;
False; Vinterprojekt 4, Stockholm New Opera House (1);https://www.kth.se/student/kurser/kurs/A4222A;
False; V�rprojekt 4, Architecure Information/Articulations (3);https://www.kth.se/student/kurser/kurs/A4213A;
False; V�rprojekt 4, Building Sites (3);https://www.kth.se/student/kurser/kurs/A4243A;
False; V�rprojekt 4, Displacements: New Settlements for Roma People (2);https://www.kth.se/student/kurser/kurs/A4263A;
False; V�rprojekt 4, From Agriculture to Tourist Culture;https://www.kth.se/student/kurser/kurs/A4233A;
False; V�rprojekt 4, Production of Architecture (2): Action;https://www.kth.se/student/kurser/kurs/A4253A;
False; V�rprojekt 4, Stockholm New Opera House (2);https://www.kth.se/student/kurser/kurs/A4223A;
False; Advanced Issues in Marketing;https://www.kth.se/student/kurser/kurs/AI2137;�7,5� hp i marknadsf�ring eller motsvarande.
False; Business Research Methods;https://www.kth.se/student/kurser/kurs/AI2126;Advanced Issues in Real Estate Economics. It will be preferable if students have already used this course to identify and review an issue they want to research on.
False; Ekonomisk psykologi;https://www.kth.se/student/kurser/kurs/AI3303;Beh�righet till forskarstudier.
False; Entrepren�rskap och management;https://www.kth.se/student/kurser/kurs/AI2145;Urval av artiklar samt material utdelat under f�rel�sningar.
False; Examensarbete inom fastighetsf�rmedling, grundniv�;https://www.kth.se/student/kurser/kurs/AI104X;Allm�nt g�ller att en huvuddel av studierna, minst 120 h�gskolepo�ng varav 60 h�gskolepo�ng med successiv f�rdjupning p� grundniv� inom huvudomr�det, skall vara avklarade innan examensarbetet f�r p�b�rjas. Det �ligger examinator att tillse att studenten har den f�rdjupning som avses ovan samt att studenten avklarat huvuddelen av studierna innan examensarbetet p�b�rjas. Dispens kan efter pr�vning beviljas av grundutbildningsansvarig. Examensarbetet skall normalt utf�ras under utbildningens sista termin.
False; Examensarbete inom fastighetsf�rmedling, grundniv�;https://www.kth.se/student/kurser/kurs/AI106X;Allm�nt g�ller att en huvuddel av studierna, minst 120 h�gskolepo�ng varav 60hp med successiv f�rdjupning p� grundniv� inom huvudomr�det, skall vara avklarade innan examensarbetet f�r p�b�rjas. Det �r examinator avg�r om studenten har den f�rdjupning som avses och att studenten avklarat huvuddelen av studierna innan examensarbete p�b�rjats. Dispens kan efter pr�vning beviljas av grundutbildningsansvarig.
False; Examensarbete inom finans, grundniv�;https://www.kth.se/student/kurser/kurs/AI103X;Allm�nt g�ller att en huvuddel av studierna, minst 120 h�gskolepo�ng varav 60 h�gskolepo�ng med successiv f�rdjupning p� grundniv� inom huvudomr�det, skall vara avklarade innan examensarbetet f�r p�b�rjas. Det �ligger examinator att tillse att studenten har den f�rdjupning som avses ovan samt att studenten avklarat huvuddelen av studierna innan examensarbetet p�b�rjas. Dispens kan efter pr�vning beviljas av grundutbildningsansvarig. Examensarbetet skall normalt utf�ras under utbildningens sista termin.
False; Examensarbete inom finans, grundniv�;https://www.kth.se/student/kurser/kurs/AI105X;Allm�nt g�ller att en huvuddel av studierna, minst 120 h�gskolepo�ng varav 60hp med successiv f�rdjupning p� grundniv� inom huvudomr�det, skall vara avklarade innan examensarbetet f�r p�b�rjas. Det �r examinator avg�r om studenten har den f�rdjupning som avses och att studenten avklarat huvuddelen av studierna innan examensarbete p�b�rjats. Dispens kan efter pr�vning beviljas av grundutbildningsansvarig.
False; Examensarbete inom finansiella tj�nster, avancerad niv�;https://www.kth.se/student/kurser/kurs/AI205X;En huvuddel av studierna, minst 60 hp, varav 30 hp med f�rdjupning p� avancerad niv� inom huvudomr�det skall vara avklarade innan examensarbetet f�r p�b�rjas.
False; Fastighetsf�rmedling i juridiken;https://www.kth.se/student/kurser/kurs/AI1172;AI1550 Juridisk �versiktskurs (15 hp) eller motsvarande.
False; Fastighetsf�rmedling i praktiken;https://www.kth.se/student/kurser/kurs/AI1173;AI1127 Fastighetsutvecklingens och fastighetsf�rmedlingens grunder (7,5hp) alternativt
False; Fastighetsutvecklingens och fastighetsf�rmedlingens grunder;https://www.kth.se/student/kurser/kurs/AI1127;Grundl�ggande beh�righet samt Matematik D, Fysik A och Kemi A (Fysik A och Kemi A kan ers�ttas av Naturkunskap B) eller motsvarande.
False; Finansiell ekonometri;https://www.kth.se/student/kurser/kurs/AI1177;AI1178 Till�mpad matematik och statistik f�r ekonomer.
False; Finansiering av entrepren�rskap;https://www.kth.se/student/kurser/kurs/AI2148;Beh�righet till masterprogrammet Fastigheter och byggande.
False; Finansiering av entrepren�rskap;https://www.kth.se/student/kurser/kurs/AI3306;Beh�righet till forskarstudier.
False; Genus, arbete och utbildning;https://www.kth.se/student/kurser/kurs/AI3305;Beh�righet till forskarstudier.
False; Grundl�ggande statistik f�r ekonomer;https://www.kth.se/student/kurser/kurs/AI1175;SF1627 Matematik f�r ekonomer 9,0 hp eller motsvarande.
False; Industriell ekonomi, industriell utveckling med entrepren�rskap, forts�ttningskurs;https://www.kth.se/student/kurser/kurs/AI211V;180�h�gskolepo�ng p� h�gskoleniv� och dokumenterad kunskaper i engelska motsvarande Engelska B (TOEFL, IELTS t.ex.).
False; Industriell marknadsf�ring;https://www.kth.se/student/kurser/kurs/AI212V;180 po�ng p� h�gskoleniv� inom ingenj�rsvetenskap, naturvetenskap, nationalekonomi / f�retagsekonomi eller planering varav minst�7,5 h�gskolepo�ng i f�retagsekonomi.Dokumenterade kunskaper i engelska B eller motsvarande (TOEFL, IELTS t.ex.).
False; Industriell utveckling med entrepren�rskap;https://www.kth.se/student/kurser/kurs/AI1114;V�ljs i samr�d med handledare/l�rare.
False; Industriell utveckling med entrepren�rskap, forts�ttningskurs;https://www.kth.se/student/kurser/kurs/AI2151;120 h�gskolepo�ng p� h�gskoleniv� och dokumenterade kunskaper i engelska motsvarande Engelska B (TOEFL, IELTS t.ex.)
False; Internationell industriell marknadsf�ring;https://www.kth.se/student/kurser/kurs/AI213V;180 po�ng p� h�gskoleniv� inom ingenj�rsvetenskap, naturvetenskap, nationalekonomi / f�retagsekonomi eller planering varav minst�15 h�gskolepo�ng i f�retagsekonomi.Dokumenterade kunskaper i engelska B eller motsvarande (TOEFL, IELTS t.ex.).
False; Introduktion till fastighet och finans;https://www.kth.se/student/kurser/kurs/AI1124;Avslutade gymnasiestudier och antagning i kandidatprogrammet i Fastighet och finans
False; Kreditbed�mning;https://www.kth.se/student/kurser/kurs/AI1141;Finansiell rapportering och analys�(AI1142) eller motsvarande kurs.
False; Kriminologiska teorier f�r planerare: en l�skurs;https://www.kth.se/student/kurser/kurs/AI3302;Beh�righet till forskarstudier.
False; Management och etik;https://www.kth.se/student/kurser/kurs/AI1171;AI1126 Samh�llsbyggnadsprocessen f�r fastighet och finans (7,5 hp) alternativt
False; Management och etik i fastighet och finans;https://www.kth.se/student/kurser/kurs/AI1138;AI1123, Organisation och ledarskap��k 1, eller motsvarande
False; Management och ledarskap;https://www.kth.se/student/kurser/kurs/AI2127;Beh�righet till masterprogrammet Fastigheter och byggande.
False; Marknadsf�ring och f�rs�ljning inom f�rs�kringsbranschen;https://www.kth.se/student/kurser/kurs/AI121U;Grundl�ggande beh�righet.
False; Organisation och ledarskap;https://www.kth.se/student/kurser/kurs/AI1125;Avslutad gymnasieutbildning inklusive dokumenterade kunskaper i svenska motsvarande svenska B och engelska motsvarande Engelska A. F�r studenter som f�tt / kommer f� sitt slutgiltiga gymnasiebetyg efter den 31 december 2009, finns det ytterligare f�rkunskapskrav enligt f�ljande: Matematik D, naturvetenskap B eller Fysik A och Kemi A.
False; Perspektiv p� riskhantering;https://www.kth.se/student/kurser/kurs/AI2138;Beh�righet till masterprogrammet Fastigheter och byggande.
False; Quantitative Methods with Real Estate Application;https://www.kth.se/student/kurser/kurs/AI2130;Samh�llsekonomi, Statistik eller motsvarande kunskaper
False; Relationsmarknadsf�ring och marknadsanalys;https://www.kth.se/student/kurser/kurs/AI1170;Samh�llsbyggnadsprocessen f�r fastighet och finans (AI1126) alternativt Fastighetsutvecklingens och fastighetsf�rmedlingens grunder (AI1127) eller motsvarande.
False; Relationsmarknadsf�ring och marknadsanalys i fastighet och finans;https://www.kth.se/student/kurser/kurs/AI1139;Studenterna m�ste vara antagna till kandidatprogramet i Fastighet och finans
False; Rumslig dataanalys:en introduktion;https://www.kth.se/student/kurser/kurs/AI3304;Beh�righet till forskarstudier.
False; Samh�llsbyggnadsprocessen f�r fastighet och finans;https://www.kth.se/student/kurser/kurs/AI1126;Grundl�ggande beh�righet samt Matematik D, Fysik A och Kemi A (Fysik A och Kemi A kan ers�ttas av Naturkunskap B) eller motsvarande.
False; Theory of Science and Business Research Methods;https://www.kth.se/student/kurser/kurs/AI2141;Advanced Issues in Real Estate and Financial Services (AI2140).
False; Till�mpad matematik och statistik f�r ekonomer;https://www.kth.se/student/kurser/kurs/AI1178;SF1627 Matematik f�r ekonomer 9,0 hp eller motsvarande
False; Till�mpad rumslig analys: en introduktion;https://www.kth.se/student/kurser/kurs/AI3308;Kursen v�nder sig till studerande p� doktorandniv� inom relevant omr�de (t. ex. Urban och Regional Planering, Ekonomi, Real Estate, Geografi, Demografi, Kriminologi, Milj�kunskap). F�rkunskaper i Geographical Information Systems och/eller baskunskaper I statistik �r en f�rdel.
False; Vetenskaplig grundkurs;https://www.kth.se/student/kurser/kurs/AI2150;Beh�righet till masterprogrammet Fastigheter och byggande.
False; Betong och andra cementbaserade material;https://www.kth.se/student/kurser/kurs/AF3115;Kunskaper motsvarande kurserna:
False; Betongbyggnad;https://www.kth.se/student/kurser/kurs/AF2101;For students not registered on a KTH programme:
False; Betongbyggnad, forts�ttningskurs;https://www.kth.se/student/kurser/kurs/AF2102;For students not registered on a KTH programme:
False; Byggkonstruktion f�r vattenkraftskonstruktioner;https://www.kth.se/student/kurser/kurs/AF3116;Mekanik, strukturmekanik.
False; Byggkonstruktionsl�ra, forts�ttningskurs;https://www.kth.se/student/kurser/kurs/AF2001;Dokumenterade kunskaper i svenska B och engelska B eller motsvarande samt
False; Byggkonstruktionsl�ra, grundkurs;https://www.kth.se/student/kurser/kurs/AF1005;For students not registered on a KTH programme:
False; Dimensioneringsmetoder f�r armerade betongkonstruktioner;https://www.kth.se/student/kurser/kurs/1C5031;Civilingenj�rsexamen inom husbyggnads- och anl�ggningsteknik samt beh�righet till utbildning p� forskarniv�
False; Examensarbete inom betongbyggnad, avancerad niv�;https://www.kth.se/student/kurser/kurs/AF212X;Allm�nt g�ller att en huvuddel av studierna, minst 240 h�gskolepo�ng (om examen avser 270 h�gskolepo�ng enligt �ldre best�mmelser �r kravet minst 210 h�gskolepo�ng), skall vara avklarade innan examensarbetet f�r p�b�rjas. Det �ligger examinator att tillse att studenten har den f�rdjupning som avses ovan samt att studenten avklarat huvuddelen av studierna innan examensarbetet p�b�rjas. Dispens kan efter pr�vning beviljas av grundutbildningsansvarig. Examensarbetet skall normalt utf�ras under utbildningens sista termin.
False; Examensarbete inom betongbyggnad, avancerad niv�;https://www.kth.se/student/kurser/kurs/AF213X;Allm�nt g�ller att en huvuddel av studierna, skall vara avklarade innan examensarbetet f�r p�b�rjas.
False; Examensarbete inom betongbyggnad, grundniv�;https://www.kth.se/student/kurser/kurs/AF111X;Allm�nt g�ller att en huvuddel av studierna, minst 120 h�gskolepo�ng (om examen avser 180 h�gskolepo�ng), skall vara avklarade innan examensarbetet f�r p�b�rjas. Det �ligger examinator att tillse att studenten har den f�rdjupning som avses ovan samt att studenten avklarat huvuddelen av studierna innan examensarbetet p�b�rjas. Dispens kan efter pr�vning beviljas av grundutbildningsansvarig. Examensarbetet skall normalt utf�ras under utbildningens sista termin.
False; Examensarbete inom betongbyggnad, grundniv�;https://www.kth.se/student/kurser/kurs/AF112X;Allm�nt g�ller att en huvuddel av studierna, skall vara avklarade innan examensarbetet f�r p�b�rjas. Minst 120 h�gskolepo�ng skall vara avklarade, varav 60 h�gskolepo�ng med successiv f�rdjupning p� grundniv� inom huvudomr�det. Det �ligger examinator att tillse att studenten har den f�rdjupning som avses ovan. Dispens kan efter pr�vning beviljas av grundutbildningsansvarig. Examensarbetet skall normalt utf�ras under utbildningens sista termin.
